{
  "libero_spatial": {
    "suite": "libero_spatial",
    "noise_std": 0.02,
    "n_episodes": 30,
    "avg_alpha": -0.04173623515755975,
    "avg_delta": 0.006228967667625517,
    "avg_error_no_align": 0.02871219674461358,
    "avg_error_with_align": 1.3960021874667052,
    "avg_improvement": -1.3672899907220915,
    "avg_improvement_pct": -4762.052875590564,
    "n_improved": 0,
    "details": [
      {
        "success": false,
        "steps": 72,
        "mean_alpha": -0.05510361032146546,
        "mean_delta_norm": 0.006185441931140506,
        "mean_error_no_align": 0.02830590457112218,
        "mean_error_with_align": 1.4853704507995547,
        "improvement": -1.4570645462284324,
        "improvement_pct": -5147.5639740371935,
        "frames_buffer": null,
        "task_name": "pick_up_the_black_bowl_between_the_plate_and_the_ramekin_and_place_it_on_the_plate",
        "task_idx": 0,
        "episode": 0
      },
      {
        "success": false,
        "steps": 72,
        "mean_alpha": -0.045469925260274775,
        "mean_delta_norm": 0.00621529479071291,
        "mean_error_no_align": 0.02830590457112218,
        "mean_error_with_align": 1.4854726285933135,
        "improvement": -1.4571667240221913,
        "improvement_pct": -5147.924950996972,
        "frames_buffer": null,
        "task_name": "pick_up_the_black_bowl_between_the_plate_and_the_ramekin_and_place_it_on_the_plate",
        "task_idx": 0,
        "episode": 1
      },
      {
        "success": false,
        "steps": 73,
        "mean_alpha": -0.050629683553356016,
        "mean_delta_norm": 0.006176905419473371,
        "mean_error_no_align": 0.028315372631106884,
        "mean_error_with_align": 1.4937527981184242,
        "improvement": -1.4654374254873173,
        "improvement_pct": -5175.412821081534,
        "frames_buffer": null,
        "task_name": "pick_up_the_black_bowl_between_the_plate_and_the_ramekin_and_place_it_on_the_plate",
        "task_idx": 0,
        "episode": 2
      },
      {
        "success": false,
        "steps": 80,
        "mean_alpha": -0.025411459227325395,
        "mean_delta_norm": 0.006353575381217525,
        "mean_error_no_align": 0.028756990260444582,
        "mean_error_with_align": 1.3853769140754726,
        "improvement": -1.356619923815028,
        "improvement_pct": -4717.53097778479,
        "frames_buffer": null,
        "task_name": "pick_up_the_black_bowl_next_to_the_ramekin_and_place_it_on_the_plate",
        "task_idx": 1,
        "episode": 0
      },
      {
        "success": false,
        "steps": 80,
        "mean_alpha": -0.019826896436643437,
        "mean_delta_norm": 0.006308837636606768,
        "mean_error_no_align": 0.028756990260444582,
        "mean_error_with_align": 1.3851014883579922,
        "improvement": -1.3563444980975476,
        "improvement_pct": -4716.573208160827,
        "frames_buffer": null,
        "task_name": "pick_up_the_black_bowl_next_to_the_ramekin_and_place_it_on_the_plate",
        "task_idx": 1,
        "episode": 1
      },
      {
        "success": false,
        "steps": 80,
        "mean_alpha": -0.01854487261049371,
        "mean_delta_norm": 0.006251381913898513,
        "mean_error_no_align": 0.028756990260444582,
        "mean_error_with_align": 1.3865468312689253,
        "improvement": -1.3577898410084808,
        "improvement_pct": -4721.599265817916,
        "frames_buffer": null,
        "task_name": "pick_up_the_black_bowl_next_to_the_ramekin_and_place_it_on_the_plate",
        "task_idx": 1,
        "episode": 2
      },
      {
        "success": false,
        "steps": 80,
        "mean_alpha": -0.08672185181640088,
        "mean_delta_norm": 0.006177388544892892,
        "mean_error_no_align": 0.028756989806424826,
        "mean_error_with_align": 1.2880777126655611,
        "improvement": -1.2593207228591363,
        "improvement_pct": -4379.181309782923,
        "frames_buffer": null,
        "task_name": "pick_up_the_black_bowl_from_table_center_and_place_it_on_the_plate",
        "task_idx": 2,
        "episode": 0
      },
      {
        "success": false,
        "steps": 80,
        "mean_alpha": -0.08944433806464076,
        "mean_delta_norm": 0.006316410447470844,
        "mean_error_no_align": 0.028756989806424826,
        "mean_error_with_align": 1.2880631682881538,
        "improvement": -1.259306178481729,
        "improvement_pct": -4379.1307329405445,
        "frames_buffer": null,
        "task_name": "pick_up_the_black_bowl_from_table_center_and_place_it_on_the_plate",
        "task_idx": 2,
        "episode": 1
      },
      {
        "success": false,
        "steps": 80,
        "mean_alpha": -0.08344302074983716,
        "mean_delta_norm": 0.006054978794418275,
        "mean_error_no_align": 0.028756989806424826,
        "mean_error_with_align": 1.2880495372434506,
        "improvement": -1.2592925474370258,
        "improvement_pct": -4379.083332135401,
        "frames_buffer": null,
        "task_name": "pick_up_the_black_bowl_from_table_center_and_place_it_on_the_plate",
        "task_idx": 2,
        "episode": 2
      },
      {
        "success": false,
        "steps": 80,
        "mean_alpha": -0.04610521281138062,
        "mean_delta_norm": 0.006296583591029048,
        "mean_error_no_align": 0.028756988927489145,
        "mean_error_with_align": 1.3866893550983967,
        "improvement": -1.3579323661709075,
        "improvement_pct": -4722.095103889142,
        "frames_buffer": null,
        "task_name": "pick_up_the_black_bowl_on_the_cookie_box_and_place_it_on_the_plate",
        "task_idx": 3,
        "episode": 0
      },
      {
        "success": false,
        "steps": 80,
        "mean_alpha": -0.05055595685262233,
        "mean_delta_norm": 0.006356445973506197,
        "mean_error_no_align": 0.028756988927489145,
        "mean_error_with_align": 1.3874839112298756,
        "improvement": -1.3587269223023863,
        "improvement_pct": -4724.858105723173,
        "frames_buffer": null,
        "task_name": "pick_up_the_black_bowl_on_the_cookie_box_and_place_it_on_the_plate",
        "task_idx": 3,
        "episode": 1
      },
      {
        "success": false,
        "steps": 80,
        "mean_alpha": -0.04919675691053271,
        "mean_delta_norm": 0.006426188530167565,
        "mean_error_no_align": 0.028756988927489145,
        "mean_error_with_align": 1.3872082860966777,
        "improvement": -1.3584512971691884,
        "improvement_pct": -4723.899642603502,
        "frames_buffer": null,
        "task_name": "pick_up_the_black_bowl_on_the_cookie_box_and_place_it_on_the_plate",
        "task_idx": 3,
        "episode": 2
      },
      {
        "success": false,
        "steps": 80,
        "mean_alpha": 0.023261087297578344,
        "mean_delta_norm": 0.006893054512329399,
        "mean_error_no_align": 0.028756990534020588,
        "mean_error_with_align": 1.412142006850767,
        "improvement": -1.3833850163167465,
        "improvement_pct": -4810.604276132965,
        "frames_buffer": null,
        "task_name": "pick_up_the_black_bowl_in_the_top_drawer_of_the_wooden_cabinet_and_place_it_on_the_plate",
        "task_idx": 4,
        "episode": 0
      },
      {
        "success": false,
        "steps": 80,
        "mean_alpha": 0.026670342866418652,
        "mean_delta_norm": 0.007059244561241939,
        "mean_error_no_align": 0.028756990534020588,
        "mean_error_with_align": 1.4094648160965875,
        "improvement": -1.3807078255625669,
        "improvement_pct": -4801.294571937694,
        "frames_buffer": null,
        "task_name": "pick_up_the_black_bowl_in_the_top_drawer_of_the_wooden_cabinet_and_place_it_on_the_plate",
        "task_idx": 4,
        "episode": 1
      },
      {
        "success": false,
        "steps": 80,
        "mean_alpha": 0.02928804512048373,
        "mean_delta_norm": 0.0069561460462864485,
        "mean_error_no_align": 0.028756990534020588,