{
  "libero_spatial": {
    "suite": "libero_spatial",
    "noise_std": 0.02,
    "n_episodes": 10,
    "avg_alpha": 0.4931657379865647,
    "avg_delta": 0.033808928048238165,
    "avg_error_no_align": 1.386853676815705,
    "avg_error_with_align": 1.3868098086858744,
    "avg_improvement": 4.3868129830637595e-05,
    "avg_improvement_pct": 0.0031631404642024907,
    "n_improved": 8,
    "details": [
      {
        "success": false,
        "steps": 10,
        "mean_alpha": 0.49493545293807983,
        "mean_delta_norm": 0.03349394164979458,
        "mean_error_no_align": 1.429847513869753,
        "mean_error_with_align": 1.4297601155116881,
        "improvement": 8.739835806492735e-05,
        "improvement_pct": 0.00611242508149639,
        "frames_buffer": null,
        "task_name": "pick_up_the_black_bowl_between_the_plate_and_the_ramekin_and_place_it_on_the_plate",
        "task_idx": 0,
        "episode": 0
      },
      {
        "success": false,
        "steps": 10,
        "mean_alpha": 0.492250794172287,
        "mean_delta_norm": 0.03343436997383833,
        "mean_error_no_align": 1.447647228823582,
        "mean_error_with_align": 1.4475493833005575,
        "improvement": 9.78455230244979e-05,
        "improvement_pct": 0.006758934157184911,
        "frames_buffer": null,
        "task_name": "pick_up_the_black_bowl_next_to_the_ramekin_and_place_it_on_the_plate",
        "task_idx": 1,
        "episode": 0
      },
      {
        "success": false,
        "steps": 10,
        "mean_alpha": 0.4906053483486176,
        "mean_delta_norm": 0.033742410875856874,
        "mean_error_no_align": 1.2948099762227074,
        "mean_error_with_align": 1.294743822619469,
        "improvement": 6.615360323847241e-05,
        "improvement_pct": 0.005109136047241421,
        "frames_buffer": null,
        "task_name": "pick_up_the_black_bowl_from_table_center_and_place_it_on_the_plate",
        "task_idx": 2,
        "episode": 0
      },
      {
        "success": false,
        "steps": 10,
        "mean_alpha": 0.4928305149078369,
        "mean_delta_norm": 0.032949738577008246,
        "mean_error_no_align": 1.500618147837685,
        "mean_error_with_align": 1.5005271494422832,
        "improvement": 9.099839540183119e-05,
        "improvement_pct": 0.006064060702781403,
        "frames_buffer": null,
        "task_name": "pick_up_the_black_bowl_on_the_cookie_box_and_place_it_on_the_plate",
        "task_idx": 3,
        "episode": 0
      },
      {
        "success": false,
        "steps": 10,
        "mean_alpha": 0.4981668531894684,
        "mean_delta_norm": 0.0323681166395545,
        "mean_error_no_align": 1.3708478554459902,
        "mean_error_with_align": 1.3708070059516517,
        "improvement": 4.084949433846852e-05,
        "improvement_pct": 0.0029798707548897604,
        "frames_buffer": null,
        "task_name": "pick_up_the_black_bowl_in_the_top_drawer_of_the_wooden_cabinet_and_place_it_on_the_plate",
        "task_idx": 4,
        "episode": 0
      },
      {
        "success": false,
        "steps": 10,
        "mean_alpha": 0.4923030912876129,
        "mean_delta_norm": 0.033309932239353655,
        "mean_error_no_align": 1.416719235228503,
        "mean_error_with_align": 1.416674516821915,
        "improvement": 4.471840658792914e-05,
        "improvement_pct": 0.003156476278146707,
        "frames_buffer": null,
        "task_name": "pick_up_the_black_bowl_on_the_ramekin_and_place_it_on_the_plate",
        "task_idx": 5,
        "episode": 0
      },
      {
        "success": false,
        "steps": 10,
        "mean_alpha": 0.49306110143661497,
        "mean_delta_norm": 0.0389378210529685,
        "mean_error_no_align": 1.5007125115002264,
        "mean_error_with_align": 1.500649210715272,
        "improvement": 6.330078495442315e-05,
        "improvement_pct": 0.004218048724811581,
        "frames_buffer": null,
        "task_name": "pick_up_the_black_bowl_next_to_the_cookie_box_and_place_it_on_the_plate",
        "task_idx": 6,
        "episode": 0
      },
      {
        "success": false,
        "steps": 10,
        "mean_alpha": 0.49164614677429197,
        "mean_delta_norm": 0.03163645649328828,
        "mean_error_no_align": 1.48594462850653,
        "mean_error_with_align": 1.4860250773863555,
        "improvement": -8.044887982538995e-05,
        "improvement_pct": -0.005413989073485615,
        "frames_buffer": null,
        "task_name": "pick_up_the_black_bowl_on_the_stove_and_place_it_on_the_plate",
        "task_idx": 7,
        "episode": 0
      },
      {
        "success": false,
        "steps": 10,
        "mean_alpha": 0.4914902985095978,
        "mean_delta_norm": 0.036031804792582986,
        "mean_error_no_align": 1.3776698983070972,
        "mean_error_with_align": 1.3775945842501316,
        "improvement": 7.53140569655919e-05,
        "improvement_pct": 0.005466770890337302,
        "frames_buffer": null,
        "task_name": "pick_up_the_black_bowl_next_to_the_plate_and_place_it_on_the_plate",
        "task_idx": 8,
        "episode": 0
      },
      {
        "success": false,
        "steps": 10,
        "mean_alpha": 0.494367778301239,
        "mean_delta_norm": 0.03218468818813562,
        "mean_error_no_align": 1.0437197724149754,
        "mean_error_with_align": 1.0437672208594198,
        "improvement": -4.744844444437568e-05,
        "improvement_pct": -0.00454609040648801,
        "frames_buffer": null,
        "task_name": "pick_up_the_black_bowl_on_the_wooden_cabinet_and_place_it_on_the_plate",
        "task_idx": 9,
        "episode": 0
      }
    ]
  }
}