{
  "suite": "libero_10",
  "success_rate": 0.0,
  "avg_alpha": 0.41352018642119875,
  "avg_delta": 0.042800496646609065,
  "n_tasks": 10,
  "n_episodes": 10,
  "checkpoint": "./checkpoints/heads_libero_helios/heads_best.pt",
  "chunk_size": 10,
  "details": [
    {
      "success": false,
      "steps": 200,
      "mean_alpha": 0.409387541275758,
      "mean_delta_norm": 0.05543189367804772,
      "alpha_vals": [
        0.40603941679000854,
        0.4087015688419342,
        0.4087226688861847,
        0.40913087129592896,
        0.4095972776412964,
        0.4099288284778595,
        0.40970897674560547,
        0.4071740508079529,
        0.40805837512016296,
        0.4085286557674408,
        0.40616902709007263,
        0.4081145226955414,
        0.40769368410110474,
        0.40751609206199646,
        0.40734362602233887,
        0.407847136259079,
        0.40934231877326965,
        0.40782126784324646,
        0.4085594415664673,
        0.40922653675079346
      ],
      "task_name": "LIVING_ROOM_SCENE2_put_both_the_alphabet_soup_and_the_tomato_sauce_in_the_basket",
      "task_idx": 0,
      "episode": 0
    },
    {
      "success": false,
      "steps": 200,
      "mean_alpha": 0.41254719969553827,
      "mean_delta_norm": 0.04520070122029537,
      "alpha_vals": [
        0.40969109535217285,
        0.4119572341442108,
        0.41229432821273804,
        0.4123808443546295,
        0.4133627414703369,
        0.41491201519966125,
        0.41157129406929016,
        0.4135148525238037,
        0.4119931757450104,
        0.41183391213417053,
        0.4106881618499756,
        0.41105711460113525,
        0.4112406373023987,
        0.41126111149787903,
        0.4116545021533966,
        0.41162121295928955,
        0.4114985167980194,
        0.4114310145378113,
        0.4109509289264679,
        0.41184571385383606
      ],
      "task_name": "LIVING_ROOM_SCENE2_put_both_the_cream_cheese_box_and_the_butter_in_the_basket",
      "task_idx": 1,
      "episode": 0
    },
    {
      "success": false,
      "steps": 200,
      "mean_alpha": 0.41626700361569724,
      "mean_delta_norm": 0.03744702860713005,
      "alpha_vals": [
        0.41376855969429016,
        0.41352665424346924,
        0.4137245714664459,
        0.413844496011734,
        0.4133378863334656,
        0.4135276973247528,
        0.4135228991508484,
        0.4154982566833496,
        0.4155465364456177,
        0.41499000787734985,
        0.41440489888191223,
        0.41488203406333923,
        0.4156564176082611,
        0.4157004952430725,
        0.41511663794517517,
        0.41555601358413696,
        0.4157383143901825,
        0.4158911108970642,
        0.41592323780059814,
        0.41627734899520874
      ],
      "task_name": "KITCHEN_SCENE3_turn_on_the_stove_and_put_the_moka_pot_on_it",
      "task_idx": 2,
      "episode": 0
    },
    {
      "success": false,
      "steps": 200,
      "mean_alpha": 0.4207668484785618,
      "mean_delta_norm": 0.037353204931013094,
      "alpha_vals": [
        0.4175061285495758,
        0.41747045516967773,
        0.4169836938381195,
        0.4187873601913452,
        0.41753825545310974,
        0.41757461428642273,
        0.4175335168838501,
        0.41734859347343445,
        0.4181583523750305,
        0.4180870056152344,
        0.4173143804073334,
        0.4194266200065613,
        0.4207492768764496,
        0.42076003551483154,
        0.4206902086734772,
        0.42013975977897644,
        0.4204005300998688,
        0.4204329550266266,
        0.4204878509044647,
        0.4208044111728668
      ],
      "task_name": "KITCHEN_SCENE4_put_the_black_bowl_in_the_bottom_drawer_of_the_cabinet_and_close_it",
      "task_idx": 3,
      "episode": 0
    },
    {
      "success": false,
      "steps": 200,
      "mean_alpha": 0.4100370685259501,
      "mean_delta_norm": 0.04649247937859633,
      "alpha_vals": [
        0.4079384207725525,
        0.40911203622817993,
        0.409641832113266,
        0.41123437881469727,
        0.4116266965866089,
        0.41306182742118835,
        0.4102030396461487,
        0.41038715839385986,
        0.41235262155532837,
        0.4115569591522217,
        0.40922054648399353,
        0.4099956750869751,
        0.4105919897556305,
        0.4099363684654236,
        0.4099687337875366,
        0.41076064109802246,
        0.4117223918437958,
        0.41100406646728516,
        0.41179367899894714,
        0.4112301468849182
      ],
      "task_name": "LIVING_ROOM_SCENE5_put_the_white_mug_on_the_left_plate_and_put_the_yellow_and_white_mug_on_the_right_plate",
      "task_idx": 4,
      "episode": 0
    },
    {
      "success": false,
      "steps": 200,
      "mean_alpha": 0.4155433749541258,
      "mean_delta_norm": 0.045291348183766386,
      "alpha_vals": [
        0.41096755862236023,
        0.41153743863105774,
        0.41292643547058105,
        0.4128226041793823,
        0.41331449151039124,
        0.4132157862186432,
        0.4129910469055176,
        0.413948118686676,
        0.4151792526245117,
        0.41391080617904663,
        0.4127432703971863,
        0.41390812397003174,
        0.4133007228374481,
        0.41335242986679077,
        0.4131932556629181,
        0.41505932807922363,
        0.4148557484149933,
        0.41457605361938477,
        0.41521546244621277,
        0.41572800278663635
      ],
      "task_name": "STUDY_SCENE1_pick_up_the_book_and_place_it_in_the_back_compartment_of_the_caddy",
      "task_idx": 5,
      "episode": 0
    },
    {
      "success": false,
      "steps": 200,
      "mean_alpha": 0.4097854673862457,
      "mean_delta_norm": 0.048642179923943984,
      "alpha_vals": [
        0.4073064625263214,
        0.4081392288208008,
        0.4104403555393219,
        0.4110580384731293,
        0.41098377108573914,
        0.4125988781452179,
        0.4101107120513916,
        0.4102737009525299,
        0.4113582372665405,
        0.41027891635894775,
        0.4093380868434906,
        0.40954768657684326,
        0.41081371903419495,
        0.4090394377708435,
        0.40980666875839233,
        0.41134923696517944,
        0.411609947681427,
        0.4103076159954071,
        0.41101136803627014,
        0.41003477573394775
      ],
      "task_name": "LIVING_ROOM_SCENE6_put_the_white_mug_on_the_plate_and_put_the_chocolate_pudding_to_the_right_of_the_plate",
      "task_idx": 6,
      "episode": 0
    },
    {
      "success": false,
      "steps": 200,
      "mean_alpha": 0.4132605208800389,
      "mean_delta_norm": 0.06113119264825796,
      "alpha_vals": [
        0.4083494246006012,
        0.41153761744499207,
        0.4125065505504608,
        0.4125332534313202,
        0.4121679961681366,
        0.41584348678588867,
        0.41067495942115784,
        0.41013166308403015,
        0.41118258237838745,
        0.41064152121543884,
        0.41037529706954956,
        0.41006702184677124,
        0.41040611267089844,
        0.4108913838863373,
        0.4098505675792694,
        0.4106971025466919,
        0.41205033659935,
        0.411317378282547,
        0.41278281807899475,
        0.4133853316307068
      ],
      "task_name": "LIVING_ROOM_SCENE1_put_both_the_alphabet_soup_and_the_cream_cheese_box_in_the_basket",
      "task_idx": 7,
      "episode": 0
    },
    {
      "success": false,
      "steps": 200,
      "mean_alpha": 0.41392139089413177,
      "mean_delta_norm": 0.033345503579729645,